{
  "ROUGE-1": 0.30131846146533636,
  "ROUGE-2": 0.12413897958779373,
  "ROUGE-L": 0.2383342919558197,
  "BERTScore_P": 0.8833940183776204,
  "BERTScore_R": 0.8660610931609174,
  "BERTScore_F1": 0.8744216979560205,
  "FK_grade_avg": 16.343973060912198
}