{
  "ROUGE-1": 0.30210319149036324,
  "ROUGE-2": 0.1286086941027546,
  "ROUGE-L": 0.24064917687275414,
  "BERTScore_P": 0.8811622536182404,
  "BERTScore_R": 0.8649386826753617,
  "BERTScore_F1": 0.8727449499368668,
  "FK_grade_avg": 16.385005892647577
}