Method,Top-k,EM,F1_Score,Precision,Recall,Precision@k,Recall@k
Dense,1,0.4380550298442277,0.36270709277609975,0.5140492998447462,0.5532885309833421,0.8598777114572718,0.8598777114572718
Dense,3,0.07184451885281701,0.06796350491332487,0.48878752441828016,0.4992998077291935,0.3151113699228418,0.9453341097685253
Dense,5,0.07184451885281701,0.06796350491332487,0.48878752441828016,0.4992998077291935,0.19293929247343136,0.9646964623671568
