Method,Top-k,EM,F1_Score,Precision,Recall,Precision@k,Recall@k
Dense,1,0.8417528024457709,0.5685542099404224,0.5584038339618932,0.6072405854005597,0.8598777114572718,0.8598777114572718
Dense,3,0.7768234095210366,0.49108810204280473,0.5042614182061258,0.5099386651481455,0.3151113699228418,0.9453341097685253
Dense,5,0.7768234095210366,0.49108810204280473,0.5042614182061258,0.5099386651481455,0.19293929247343136,0.9646964623671568
