{
  "evaluation_results": {
    "Dense_k1": {
      "EM": 0.8417528024457709,
      "F1_Score": 0.5685542099404224,
      "Precision": 0.5584038339618932,
      "Recall": 0.6072405854005597
    },
    "Dense_k3": {
      "EM": 0.7768234095210366,
      "F1_Score": 0.49108810204280473,
      "Precision": 0.5042614182061258,
      "Recall": 0.5099386651481455
    },
    "Dense_k5": {
      "EM": 0.7768234095210366,
      "F1_Score": 0.49108810204280473,
      "Precision": 0.5042614182061258,
      "Recall": 0.5099386651481455
    }
  },
  "retrieval_metrics": {
    "Dense_k1": {
      "Precision@1": 0.8598777114572718,
      "Recall@1": 0.8598777114572718
    },
    "Dense_k3": {
      "Precision@3": 0.3151113699228418,
      "Recall@3": 0.9453341097685253
    },
    "Dense_k5": {
      "Precision@5": 0.19293929247343136,
      "Recall@5": 0.9646964623671568
    }
  }
}