{
  "evaluation_results": {
    "Dense_k1": {
      "EM": 0.4380550298442277,
      "F1_Score": 0.36270709277609975,
      "Precision": 0.5140492998447462,
      "Recall": 0.5532885309833421
    },
    "Dense_k3": {
      "EM": 0.07184451885281701,
      "F1_Score": 0.06796350491332487,
      "Precision": 0.48878752441828016,
      "Recall": 0.4992998077291935
    },
    "Dense_k5": {
      "EM": 0.07184451885281701,
      "F1_Score": 0.06796350491332487,
      "Precision": 0.48878752441828016,
      "Recall": 0.4992998077291935
    }
  },
  "retrieval_metrics": {
    "Dense_k1": {
      "Precision@1": 0.8598777114572718,
      "Recall@1": 0.8598777114572718
    },
    "Dense_k3": {
      "Precision@3": 0.3151113699228418,
      "Recall@3": 0.9453341097685253
    },
    "Dense_k5": {
      "Precision@5": 0.19293929247343136,
      "Recall@5": 0.9646964623671568
    }
  }
}