config,ROUGE-1,ROUGE-2,ROUGE-L,BERTScore_F1,Avg_FK_Grade
BM25_k3,0.319930514197943,0.14101429856814335,0.25528525158220106,0.8787684440612793,16.654886409308126
FAISS_k3,0.3161188764907138,0.13974172223058795,0.26260095708559283,0.8772222399711609,16.33255609875679
