{
  "ROUGE-1": 0.26675285278136207,
  "ROUGE-2": 0.09592417033902538,
  "ROUGE-L": 0.20732717268107215,
  "BERTScore_F1": 0.8650564551353455,
  "Avg_FK_Grade": 15.475326503060696
}