{
  "ROUGE-1": 0.3030558063287814,
  "ROUGE-2": 0.12912248454573025,
  "ROUGE-L": 0.24130923282921363,
  "BERTScore_F1": 0.876026451587677,
  "Avg_FK_Grade": 16.18665564103618
}