{
  "ROUGE-1": 0.26859928725538706,
  "ROUGE-2": 0.09617419436361019,
  "ROUGE-L": 0.2081068833450702,
  "BERTScore_F1": 0.8657348155975342,
  "Avg_FK_Grade": 15.502599142427373
}